{
  "Name": "D-Latch",
  "Colour": "#A37086",
  "InputPins": [
    {
      "Name": "D",
      "ID": 1470948495,
      "PositionY": 1.25,
      "ColourThemeName": "Red"
    },
    {
      "Name": "Clock",
      "ID": 224963262,
      "PositionY": 0.208333135,
      "ColourThemeName": "Red"
    }
  ],
  "OutputPins": [
    {
      "Name": "Output",
      "ID": 2000644714,
      "PositionY": 1.18489563,
      "ColourThemeName": "Red"
    }
  ],
  "SubChips": [
    {
      "Name": "NAND",
      "ID": 56456218,
      "Points": [
        {
          "X": -4.398894,
          "Y": 0.833333731
        }
      ],
      "Data": null
    },
    {
      "Name": "NAND",
      "ID": 890248188,
      "Points": [
        {
          "X": -4.398894,
          "Y": -0.377604365
        }
      ],
      "Data": null
    },
    {
      "Name": "NAND",
      "ID": 1646352611,
      "Points": [
        {
          "X": -1.45762181,
          "Y": 0.872395635
        }
      ],
      "Data": null
    },
    {
      "Name": "NAND",
      "ID": 2045116225,
      "Points": [
        {
          "X": -1.52269423,
          "Y": -1.0546875
        }
      ],
      "Data": null
    },
    {
      "Name": "NOT",
      "ID": 2039170147,
      "Points": [
        {
          "X": -6.767529,
          "Y": -0.8203125
        }
      ],
      "Data": null
    }
  ],
  "Connections": [
    {
      "Source": {
        "PinType": 1,
        "SubChipID": 0,
        "PinID": 1470948495
      },
      "Target": {
        "PinType": 3,
        "SubChipID": 56456218,
        "PinID": 280473760
      },
      "WirePoints": [
        {
          "X": -7.837778,
          "Y": 1.25
        },
        {
          "X": -5.043894,
          "Y": 0.953333735
        }
      ],
      "ColourThemeName": "Red"
    },
    {
      "Source": {
        "PinType": 1,
        "SubChipID": 0,
        "PinID": 224963262
      },
      "Target": {
        "PinType": 3,
        "SubChipID": 56456218,
        "PinID": 1335084430
      },
      "WirePoints": [
        {
          "X": -7.837778,
          "Y": 0.208333135
        },
        {
          "X": -5.043894,
          "Y": 0.7133337
        }
      ],
      "ColourThemeName": "Red"
    },
    {
      "Source": {
        "PinType": 1,
        "SubChipID": 0,
        "PinID": 224963262
      },
      "Target": {
        "PinType": 3,
        "SubChipID": 890248188,
        "PinID": 280473760
      },
      "WirePoints": [
        {
          "X": -7.837778,
          "Y": 0.208333135
        },
        {
          "X": -5.043894,
          "Y": -0.257604361
        }
      ],
      "ColourThemeName": "Red"
    },
    {
      "Source": {
        "PinType": 4,
        "SubChipID": 56456218,
        "PinID": 1530469330
      },
      "Target": {
        "PinType": 3,
        "SubChipID": 1646352611,
        "PinID": 280473760
      },
      "WirePoints": [
        {
          "X": -3.75389385,
          "Y": 0.833333731
        },
        {
          "X": -2.10262179,
          "Y": 0.992395639
        }
      ],
      "ColourThemeName": "Red"
    },
    {
      "Source": {
        "PinType": 4,
        "SubChipID": 890248188,
        "PinID": 1530469330
      },
      "Target": {
        "PinType": 3,
        "SubChipID": 2045116225,
        "PinID": 280473760
      },
      "WirePoints": [
        {
          "X": -3.75389385,
          "Y": -0.377604365
        },
        {
          "X": -2.167694,
          "Y": -0.9346875
        }
      ],
      "ColourThemeName": "Red"
    },
    {
      "Source": {
        "PinType": 4,
        "SubChipID": 1646352611,
        "PinID": 1530469330
      },
      "Target": {
        "PinType": 3,
        "SubChipID": 2045116225,
        "PinID": 1335084430
      },
      "WirePoints": [
        {
          "X": -0.812621832,
          "Y": 0.872395635
        },
        {
          "X": -2.167694,
          "Y": -1.1746875
        }
      ],
      "ColourThemeName": "Red"
    },
    {
      "Source": {
        "PinType": 4,
        "SubChipID": 2045116225,
        "PinID": 1530469330
      },
      "Target": {
        "PinType": 3,
        "SubChipID": 1646352611,
        "PinID": 1335084430
      },
      "WirePoints": [
        {
          "X": -0.877694249,
          "Y": -1.0546875
        },
        {
          "X": -2.10262179,
          "Y": 0.75239563
        }
      ],
      "ColourThemeName": "Red"
    },
    {
      "Source": {
        "PinType": 4,
        "SubChipID": 1646352611,
        "PinID": 1530469330
      },
      "Target": {
        "PinType": 2,
        "SubChipID": 0,
        "PinID": 2000644714
      },
      "WirePoints": [
        {
          "X": -0.812621832,
          "Y": 0.872395635
        },
        {
          "X": 7.837778,
          "Y": 1.18489563
        }
      ],
      "ColourThemeName": "Red"
    },
    {
      "Source": {
        "PinType": 1,
        "SubChipID": 0,
        "PinID": 1470948495
      },
      "Target": {
        "PinType": 3,
        "SubChipID": 2039170147,
        "PinID": 0
      },
      "WirePoints": [
        {
          "X": -7.837778,
          "Y": 1.25
        },
        {
          "X": -7.317529,
          "Y": -0.8203125
        }
      ],
      "ColourThemeName": "Red"
    },
    {
      "Source": {
        "PinType": 4,
        "SubChipID": 2039170147,
        "PinID": 1
      },
      "Target": {
        "PinType": 3,
        "SubChipID": 890248188,
        "PinID": 1335084430
      },
      "WirePoints": [
        {
          "X": -6.217529,
          "Y": -0.8203125
        },
        {
          "X": -5.043894,
          "Y": -0.49760437
        }
      ],
      "ColourThemeName": "Red"
    }
  ]
}