{
  "Name": "NAND",
  "Colour": "#8AFCB8",
  "InputPins": [
    {
      "Name": "Pin",
      "ID": 280473760,
      "PositionY": 1.1328125,
      "ColourThemeName": "Red"
    },
    {
      "Name": "Pin",
      "ID": 1335084430,
      "PositionY": 0.078125,
      "ColourThemeName": "Red"
    }
  ],
  "OutputPins": [
    {
      "Name": "Pin",
      "ID": 1530469330,
      "PositionY": 0.768229365,
      "ColourThemeName": "Red"
    }
  ],
  "SubChips": [
    {
      "Name": "AND",
      "ID": 664031985,
      "Points": [
        {
          "X": -2.95428658,
          "Y": -0.247395933
        }
      ],
      "Data": null
    },
    {
      "Name": "NOT",
      "ID": 1867001961,
      "Points": [
        {
          "X": -1.3274771,
          "Y": -0.247395933
        }
      ],
      "Data": null
    }
  ],
  "Connections": [
    {
      "Source": {
        "PinType": 4,
        "SubChipID": 664031985,
        "PinID": 2
      },
      "Target": {
        "PinType": 3,
        "SubChipID": 1867001961,
        "PinID": 0
      },
      "WirePoints": [
        {
          "X": -2.40428662,
          "Y": -0.247395933
        },
        {
          "X": -1.87747717,
          "Y": -0.247395933
        }
      ],
      "ColourThemeName": "Red"
    },
    {
      "Source": {
        "PinType": 1,
        "SubChipID": 0,
        "PinID": 280473760
      },
      "Target": {
        "PinType": 3,
        "SubChipID": 664031985,
        "PinID": 0
      },
      "WirePoints": [
        {
          "X": -7.837778,
          "Y": 1.1328125
        },
        {
          "X": -3.50428653,
          "Y": -0.127395928
        }
      ],
      "ColourThemeName": "Red"
    },
    {
      "Source": {
        "PinType": 1,
        "SubChipID": 0,
        "PinID": 1335084430
      },
      "Target": {
        "PinType": 3,
        "SubChipID": 664031985,
        "PinID": 1
      },
      "WirePoints": [
        {
          "X": -7.837778,
          "Y": 0.078125
        },
        {
          "X": -3.50428653,
          "Y": -0.367395937
        }
      ],
      "ColourThemeName": "Red"
    },
    {
      "Source": {
        "PinType": 4,
        "SubChipID": 1867001961,
        "PinID": 1
      },
      "Target": {
        "PinType": 2,
        "SubChipID": 0,
        "PinID": 1530469330
      },
      "WirePoints": [
        {
          "X": -0.7774771,
          "Y": -0.247395933
        },
        {
          "X": 7.837778,
          "Y": 0.768229365
        }
      ],
      "ColourThemeName": "Red"
    }
  ]
}