{
  "Name": "Register 2bit",
  "Colour": "#A0A54C",
  "InputPins": [
    {
      "Name": "Pin",
      "ID": 736000367,
      "PositionY": 0.169270635,
      "ColourThemeName": "Red"
    },
    {
      "Name": "Data In 1",
      "ID": 1125665683,
      "PositionY": 1.54947937,
      "ColourThemeName": "Red"
    },
    {
      "Name": "Data In 2",
      "ID": 383841000,
      "PositionY": -1.21093726,
      "ColourThemeName": "Red"
    }
  ],
  "OutputPins": [
    {
      "Name": "Data Out 1",
      "ID": 1776059936,
      "PositionY": 1.015625,
      "ColourThemeName": "Red"
    },
    {
      "Name": "Data Out 2",
      "ID": 1071021362,
      "PositionY": -0.494791567,
      "ColourThemeName": "Red"
    }
  ],
  "SubChips": [
    {
      "Name": "Register",
      "ID": 358485820,
      "Points": [
        {
          "X": -2.251505,
          "Y": 0.390625
        }
      ],
      "Data": null
    },
    {
      "Name": "Register",
      "ID": 1223884619,
      "Points": [
        {
          "X": -2.21246147,
          "Y": -0.703125
        }
      ],
      "Data": null
    }
  ],
  "Connections": [
    {
      "Source": {
        "PinType": 1,
        "SubChipID": 0,
        "PinID": 736000367
      },
      "Target": {
        "PinType": 3,
        "SubChipID": 358485820,
        "PinID": 282965826
      },
      "WirePoints": [
        {
          "X": -7.837778,
          "Y": 0.169270635
        },
        {
          "X": -3.1015048,
          "Y": 0.270625
        }
      ],
      "ColourThemeName": "Red"
    },
    {
      "Source": {
        "PinType": 1,
        "SubChipID": 0,
        "PinID": 736000367
      },
      "Target": {
        "PinType": 3,
        "SubChipID": 1223884619,
        "PinID": 282965826
      },
      "WirePoints": [
        {
          "X": -7.837778,
          "Y": 0.169270635
        },
        {
          "X": -3.06246138,
          "Y": -0.823125
        }
      ],
      "ColourThemeName": "Red"
    },
    {
      "Source": {
        "PinType": 1,
        "SubChipID": 0,
        "PinID": 1125665683
      },
      "Target": {
        "PinType": 3,
        "SubChipID": 358485820,
        "PinID": 2099890363
      },
      "WirePoints": [
        {
          "X": -7.837778,
          "Y": 1.54947937
        },
        {
          "X": -3.1015048,
          "Y": 0.510625
        }
      ],
      "ColourThemeName": "Red"
    },
    {
      "Source": {
        "PinType": 1,
        "SubChipID": 0,
        "PinID": 383841000
      },
      "Target": {
        "PinType": 3,
        "SubChipID": 1223884619,
        "PinID": 2099890363
      },
      "WirePoints": [
        {
          "X": -7.837778,
          "Y": -1.21093726
        },
        {
          "X": -3.06246138,
          "Y": -0.583125
        }
      ],
      "ColourThemeName": "Red"
    },
    {
      "Source": {
        "PinType": 4,
        "SubChipID": 358485820,
        "PinID": 1863611186
      },
      "Target": {
        "PinType": 2,
        "SubChipID": 0,
        "PinID": 1776059936
      },
      "WirePoints": [
        {
          "X": -1.40150487,
          "Y": 0.390625
        },
        {
          "X": 7.837778,
          "Y": 1.015625
        }
      ],
      "ColourThemeName": "Red"
    },
    {
      "Source": {
        "PinType": 4,
        "SubChipID": 1223884619,
        "PinID": 1863611186
      },
      "Target": {
        "PinType": 2,
        "SubChipID": 0,
        "PinID": 1071021362
      },
      "WirePoints": [
        {
          "X": -1.36246145,
          "Y": -0.703125
        },
        {
          "X": 7.837778,
          "Y": -0.494791567
        }
      ],
      "ColourThemeName": "Red"
    }
  ]
}