{
  "Name": "Register",
  "Colour": "#CB0923",
  "InputPins": [
    {
      "Name": "Clock",
      "ID": 282965826,
      "PositionY": 0.416666865,
      "ColourThemeName": "Red"
    },
    {
      "Name": "Data In",
      "ID": 2099890363,
      "PositionY": 2.33072948,
      "ColourThemeName": "Red"
    }
  ],
  "OutputPins": [
    {
      "Name": "Data Out",
      "ID": 1863611186,
      "PositionY": 0.2734375,
      "ColourThemeName": "Red"
    }
  ],
  "SubChips": [
    {
      "Name": "D-Latch",
      "ID": 1132672706,
      "Points": [
        {
          "X": -2.837156,
          "Y": 1.23697937
        }
      ],
      "Data": null
    },
    {
      "Name": "D-Latch",
      "ID": 1506908406,
      "Points": [
        {
          "X": -2.56385231,
          "Y": -0.0130209327
        }
      ],
      "Data": null
    },
    {
      "Name": "NOT",
      "ID": 467067980,
      "Points": [
        {
          "X": -6.12981939,
          "Y": 1.0156256
        }
      ],
      "Data": null
    }
  ],
  "Connections": [
    {
      "Source": {
        "PinType": 1,
        "SubChipID": 0,
        "PinID": 282965826
      },
      "Target": {
        "PinType": 3,
        "SubChipID": 1506908406,
        "PinID": 224963262
      },
      "WirePoints": [
        {
          "X": -7.837778,
          "Y": 0.416666865
        },
        {
          "X": -3.33885241,
          "Y": -0.133020937
        }
      ],
      "ColourThemeName": "Red"
    },
    {
      "Source": {
        "PinType": 1,
        "SubChipID": 0,
        "PinID": 282965826
      },
      "Target": {
        "PinType": 3,
        "SubChipID": 467067980,
        "PinID": 0
      },
      "WirePoints": [
        {
          "X": -7.837778,
          "Y": 0.416666865
        },
        {
          "X": -6.67981958,
          "Y": 1.0156256
        }
      ],
      "ColourThemeName": "Red"
    },
    {
      "Source": {
        "PinType": 4,
        "SubChipID": 467067980,
        "PinID": 1
      },
      "Target": {
        "PinType": 3,
        "SubChipID": 1132672706,
        "PinID": 224963262
      },
      "WirePoints": [
        {
          "X": -5.579819,
          "Y": 1.0156256
        },
        {
          "X": -3.612156,
          "Y": 1.11697936
        }
      ],
      "ColourThemeName": "Red"
    },
    {
      "Source": {
        "PinType": 4,
        "SubChipID": 1132672706,
        "PinID": 2000644714
      },
      "Target": {
        "PinType": 3,
        "SubChipID": 1506908406,
        "PinID": 1470948495
      },
      "WirePoints": [
        {
          "X": -2.0621562,
          "Y": 1.23697937
        },
        {
          "X": -3.33885241,
          "Y": 0.106979065
        }
      ],
      "ColourThemeName": "Red"
    },
    {
      "Source": {
        "PinType": 4,
        "SubChipID": 1506908406,
        "PinID": 2000644714
      },
      "Target": {
        "PinType": 2,
        "SubChipID": 0,
        "PinID": 1863611186
      },
      "WirePoints": [
        {
          "X": -1.78885233,
          "Y": -0.0130209327
        },
        {
          "X": 7.837778,
          "Y": 0.2734375
        }
      ],
      "ColourThemeName": "Red"
    },
    {
      "Source": {
        "PinType": 1,
        "SubChipID": 0,
        "PinID": 2099890363
      },
      "Target": {
        "PinType": 3,
        "SubChipID": 1132672706,
        "PinID": 1470948495
      },
      "WirePoints": [
        {
          "X": -7.837778,
          "Y": 2.33072948
        },
        {
          "X": -3.612156,
          "Y": 1.35697937
        }
      ],
      "ColourThemeName": "Red"
    }
  ]
}